keyword,sentence
Artificial Intelligence,"Artificial Intelligence is transforming industries across the world."
Python,"Python is a popular programming language used for data science and web development."
Machine Learning,"Machine learning helps computers learn from data without explicit programming."
Deep Learning,"Deep learning uses multiple neural network layers to solve complex problems."
Data Science,"Data science extracts meaningful insights from structured and unstructured data."
Cloud Computing,"Cloud computing provides scalable computing resources over the internet."
Cyber Security,"Cyber security protects systems and networks from digital attacks."
Blockchain,"Blockchain securely stores transactions in a decentralized ledger."
Internet of Things,"The Internet of Things connects smart devices to exchange information."
Big Data,"Big data technologies process and analyze massive amounts of information."
Natural Language Processing,"Natural language processing enables computers to understand human language."
Computer Vision,"Computer vision allows machines to recognize and analyze images."
Speech Recognition,"Speech recognition converts spoken language into text."
Recommendation Systems,"Recommendation systems suggest products based on user preferences."
Robotics,"Robotics combines engineering and artificial intelligence to automate tasks."
Education,"Education provides knowledge and skills for personal and professional growth."
Technology,"Technology makes everyday life easier and more efficient."
Health,"Healthy eating and regular exercise improve overall well-being."
Programming,"Programming develops logical thinking and problem-solving abilities."
Books,"Books expand knowledge and improve vocabulary."
Reading,"Reading enhances imagination and critical thinking skills."
Students,"Students should practice coding regularly to improve programming skills."
Practice,"Practice leads to continuous improvement and mastery."
Success,"Success comes through dedication, hard work, and perseverance."
Teamwork,"Teamwork helps people achieve common goals efficiently."
Leadership,"Leadership inspires and guides people toward success."
Innovation,"Innovation creates new ideas and improves existing solutions."
Science,"Science helps us understand the natural world through observation and experimentation."
Environment,"Protecting the environment ensures a sustainable future for everyone."
Sports,"Sports improve physical fitness, discipline, and teamwork."